id,domain,status,primaryWave,implementationRole,canonicalImplementationIds,implementationOwner,dependsOn,testGate,rollbackUnit,title,notes
AG-001,agent,MISSING,W7,CANONICAL,AG-001,HCP session/compaction + pi/agent API + coding policy,"W5,W6",G7,session then compaction owner-scoped commits,`Agent.prepareNextTurnWithContext`,
AG-002,agent,PRESENT,VERIFY,VERIFY,AG-002,current implementation owner,W0,G0 regression,none; retain current behavior,legacy `Agent.prepareNextTurn` abort signal,
AG-003,agent,MISSING,W7,CANONICAL,AG-003,HCP session/compaction + pi/agent API + coding policy,"W5,W6",G7,session then compaction owner-scoped commits,session context entry transforms and custom projectors,
AG-004,agent,MISSING,W7,CANONICAL,AG-004,HCP session/compaction + pi/agent API + coding policy,"W5,W6",G7,session then compaction owner-scoped commits,custom JSONL session header metadata,
AG-005,agent,MISSING,W7,CANONICAL,AG-005,HCP session/compaction + pi/agent API + coding policy,"W5,W6",G7,session then compaction owner-scoped commits,root exports for storage implementations,
AG-006,agent,CONFLICT,W7,CANONICAL,AG-006,HCP session/compaction + pi/agent API + coding policy,"W5,W6",G7,session then compaction owner-scoped commits,serialize split-turn compaction summaries,
AG-007,agent,MISSING,W1,CANONICAL,AG-007,pi/ai + pi/agent + HCP tool/session safety boundaries,W0,G1,owner-scoped W1 commit set,reject tool calls from length-truncated assistant messages,
AG-008,agent,MISSING,W1,CANONICAL,AG-008,pi/ai + pi/agent + HCP tool/session safety boundaries,W0,G1,owner-scoped W1 commit set,normalize null message content at ingestion,
AG-009,agent,MISSING,W1,CANONICAL,AG-009,HarnessComponentProtocol/_magenta/env/pi/nodejs.ts + HarnessComponentProtocol/tools/bash + coding adapter,W0,G1,owner-scoped W1 commit set,reject non-positive and oversized shell timeouts,
AG-010,agent,MISSING,W1,CANONICAL,AG-010,pi/ai + pi/agent + HCP tool/session safety boundaries,W0,G1,owner-scoped W1 commit set,random-tail short session entry IDs,
AG-011,agent,PRESENT,W2,CANONICAL,AG-011,pi/ai contracts + pi/agent/coding consumers,W1,G2,usage/pricing/thinking commit set,`max` thinking level,
AG-012,agent,MISSING,W8,CANONICAL,AG-012,pi/ai + pi/agent + coding dynamic tools; existing HCP tool pool,"W4,W5,W6,W7",G8,dynamic-tool protocol commit set,message-anchored dynamic tools via `addedToolNames`,
AG-013,agent,MISSING,CROSSWALK,CROSSWALK,AI-003,crosswalk only; see AI-003,W2,canonical target gates,no independent code; follows canonical targets,`Usage.reasoning` propagation (cross-package dependency),
AG-014,agent,PRESENT,W2,CANONICAL,AG-014,pi/ai contracts + pi/agent/coding consumers,W1,G2,usage/pricing/thinking commit set,ignore stale pre-compaction usage (cross-package dependency),
AG-015,agent,PARTIAL,CROSSWALK,CROSSWALK,AI-038;CC-048,"crosswalk only; see AI-038,CC-048","W5,W6",canonical target gates,no independent code; follows canonical targets,`Models` / `ModelRuntime` adaptation (cross-package architectural dependency),
AI-001,ai,PRESENT,VERIFY,VERIFY,AI-001,current implementation owner,W0,G0 regression,none; retain current behavior,“Added Azure OpenAI Responses support for modern Microsoft Foundry endpoint URLs”,
AI-002,ai,MISSING,W1,CANONICAL,AI-002,pi/ai + pi/agent + HCP tool/session safety boundaries,W0,G1,owner-scoped W1 commit set,“Fixed retry classification for provider errors that explicitly tell callers to retry”,
AI-003,ai,MISSING,W2,CANONICAL,AI-003,pi/ai contracts + pi/agent/coding consumers,W1,G2,usage/pricing/thinking commit set,“Added an optional reasoning field to Usage ... subset of output”,
AI-004,ai,MISSING,W3,CANONICAL,AI-004,pi/ai provider transports + coding model compatibility,"W1,W2",G3,provider-scoped transport commits,“Fixed OpenAI Responses streams to preserve reasoning replay state when output items finish out of order”,
AI-005,ai,N/A,EXCLUDED,EXCLUDED,AI-005,none,none,scope audit,no code may be imported,official 曾记录 MiniMax shared-budget clamp，最终同版本已 revert,
AI-006,ai,MISSING,W1,CANONICAL,AI-006,pi/ai + pi/agent + HCP tool/session safety boundaries,W0,G1,owner-scoped W1 commit set,“Fixed provider HTTP errors to include response bodies instead of opaque SDK messages”,
AI-007,ai,MISSING,W2,CANONICAL,AI-007,pi/ai contracts + pi/agent/coding consumers,W1,G2,usage/pricing/thinking commit set,“Fixed streamSimple() to send a context-aware max-token cap”,
AI-008,ai,MISSING,W1,CANONICAL,AI-008,pi/ai + pi/agent + HCP tool/session safety boundaries,W0,G1,owner-scoped W1 commit set,“Codex Responses SSE response-header waits [use] configured HTTP timeout”,
AI-009,ai,MISSING,W3,CANONICAL,AI-009,pi/ai provider transports + coding model compatibility,"W1,W2",G3,provider-scoped transport commits,“Fixed Z.AI preserved thinking ... send thinking.clear_thinking: false”,
AI-010,ai,SUPERSEDED,VERIFY,VERIFY,AI-010,current implementation owner,W0,G0 regression,none; retain current behavior,Sonnet 5 metadata、Xiaomi pricing/adaptive-thinking fixes及 catalog refresh,
AI-011,ai,MISSING,W3,CANONICAL,AI-011,pi/ai provider transports + coding model compatibility,"W1,W2",G3,provider-scoped transport commits,Codex Node/Bun UA race、zstd SSE compression、60-minute-before rotation fixes,
AI-012,ai,MISSING,W3,CANONICAL,AI-012,pi/ai provider transports + coding model compatibility,"W1,W2",G3,provider-scoped transport commits,“wait before the first token poll” + “honor server-provided slow_down interval”,
AI-013,ai,SUPERSEDED,VERIFY,VERIFY,AI-013,current implementation owner,W0,G0 regression,none; retain current behavior,“Fixed Amazon Bedrock prompt-cache points/pricing for Claude 5”,
AI-014,ai,MISSING,W1,CANONICAL,AI-014,pi/ai + pi/agent + HCP tool/session safety boundaries,W0,G1,owner-scoped W1 commit set,“Fixed DS4 server context overflow detection for Prompt has ... tokens ...”,
AI-015,ai,MISSING,W1,CANONICAL,AI-015,pi/ai + pi/agent + HCP tool/session safety boundaries,W0,G1,owner-scoped W1 commit set,retry Cloudflare 524、Bun socket drops、gRPC ResourceExhausted,
AI-016,ai,N/A,EXCLUDED,EXCLUDED,AI-016,none,none,scope audit,no code may be imported,official 未单列；commit “remove redundant record guards”,
AI-017,ai,MISSING,W1,CANONICAL,AI-017,pi/ai + pi/agent + HCP tool/session safety boundaries,W0,G1,owner-scoped W1 commit set,“normalize null message content at ingestion boundaries”,
AI-018,ai,MISSING,W1,CANONICAL,AI-018,pi/ai + pi/agent + HCP tool/session safety boundaries,W0,G1,owner-scoped W1 commit set,empty tool result without image uses “(no tool output)”,
AI-019,ai,MISSING,W1,CANONICAL,AI-019,pi/ai + pi/agent + HCP tool/session safety boundaries,W0,G1,owner-scoped W1 commit set,Responses “avoid sending max_output_tokens below provider minimum”,
AI-020,ai,CONFLICT,W9,CANONICAL,AI-020,catalog/OAuth/build/release owners,"W4,W5,W6,W7,W8",G9,pre-release abort; post-release forward recovery,GPT-5.6 metadata、Copilot Sonnet 5、Fireworks GLM、Xiaomi catalogs、Copilot 1M context、models.dev refresh,
AI-021,ai,MISSING,W2,CANONICAL,AI-021,pi/ai contracts + pi/agent/coding consumers,W1,G2,usage/pricing/thinking commit set,“post-compaction output-token budgeting [ignores] stale assistant usage”,
AI-022,ai,CONFLICT,W2,CANONICAL,AI-022,pi/ai contracts + pi/agent/coding consumers,W1,G2,usage/pricing/thinking commit set,"“separate opt-in max ... adaptive Claude max; native xhigh only Opus 4.7/4.8, Sonnet 5, Fable 5”",
AI-023,ai,MISSING,W2,CANONICAL,AI-023,pi/ai contracts + pi/agent/coding consumers,W1,G2,usage/pricing/thinking commit set,“request-wide input-token pricing tiers ... usage cost calculation”,
AI-024,ai,CONFLICT,W2,CANONICAL,AI-024,pi/ai contracts + pi/agent/coding consumers,W1,G2,usage/pricing/thinking commit set,GPT-5.4/5.5 long-context pricing；GPT-5.6 direct 272K vs Codex 372K、删除 bare alias,
AI-025,ai,MISSING,W1,CANONICAL,AI-025,pi/ai + pi/agent + HCP tool/session safety boundaries,W0,G1,owner-scoped W1 commit set,“preserve thinking blocks with empty thinking text but a valid signature”,
AI-026,ai,CONFLICT,W9,CANONICAL,AI-026,catalog/OAuth/build/release owners,"W4,W5,W6,W7,W8",G9,pre-release abort; post-release forward recovery,OpenRouter top-provider context；Fable 5 all catalogs xhigh/max,
AI-027,ai,PARTIAL,W5,CANONICAL,AI-027,pi/ai Models/auth + Magenta composite credential resolver,"W1,W2,W3",G5,pi-ai Models/auth commit set,Bedrock generic apiKey bearer；ambient AWS credentials preserved；compat filters ambient auth markers,
AI-028,ai,MISSING,W8,CANONICAL,AI-028,pi/ai + pi/agent + coding dynamic tools; existing HCP tool pool,"W4,W5,W6,W7",G8,dynamic-tool protocol commit set,“cache-friendly dynamic tool loading ... ToolResultMessage.addedToolNames ... native deferred loading”,
AI-029,ai,MISSING,W5,CANONICAL,AI-029,pi/ai Models/auth + Magenta composite credential resolver,"W1,W2,W3",G5,pi-ai Models/auth commit set,Cloudflare key-only stored credential falls back to ambient account/gateway IDs,
AI-030,ai,MISSING,W3,CANONICAL,AI-030,pi/ai provider transports + coding model compatibility,"W1,W2",G3,provider-scoped transport commits,"“toolChoice support to OpenAI and Codex Responses, including required and named”",
AI-031,ai,MISSING,W9,CANONICAL,AI-031,catalog/OAuth/build/release owners,"W4,W5,W6,W7,W8",G9,pre-release abort; post-release forward recovery,Copilot mai-code-1-flash-picker routes /responses,
AI-032,ai,CONFLICT,W3,CANONICAL,AI-032,pi/ai provider transports + coding model compatibility,"W1,W2",G3,provider-scoped transport commits,official BREAKING: remove `sendSessionIdHeader`; use `compat.sessionAffinityFormat`=`openai/openai-nosession/openrouter`; OpenRouter uses `x-session-id`; OpenCode omits session-id,
AI-033,ai,MISSING,W3,CANONICAL,AI-033,pi/ai provider transports + coding model compatibility,"W1,W2",G3,provider-scoped transport commits,Bedrock reports unhandled provider stop reasons,
AI-034,ai,MISSING,W3,CANONICAL,AI-034,pi/ai provider transports + coding model compatibility,"W1,W2",G3,provider-scoped transport commits,Azure reasoning replay backfills encrypted_content from terminal response,
AI-035,ai,MISSING,W3,CANONICAL,AI-035,pi/ai provider transports + coding model compatibility,"W1,W2",G3,provider-scoped transport commits,Anthropic-compatible proxies may omit usage in message_delta,
AI-036,ai,MISSING,W9,CANONICAL,AI-036,catalog/OAuth/build/release owners,"W4,W5,W6,W7,W8",G9,pre-release abort; post-release forward recovery,dynamic Radius pi-messages gateway（v0.80.8 changelog归纳为 provider-owned OAuth/catalog refresh）,
AI-037,ai,N/A,EXCLUDED,EXCLUDED,AI-037,none,none,scope audit,no code may be imported,official未单列；“type Anthropic probes by catalog providers”,
AI-038,ai,CONFLICT,W5,CANONICAL,AI-038,pi/ai Models/auth + Magenta composite credential resolver,"W1,W2,W3",G5,pi-ai Models/auth commit set,official BREAKING: provider-scoped `Models.checkAuth/getAuth/login/logout`；移除 global OAuth registry/low-level flows；`AuthLoginCallbacks` -> `AuthInteraction`；provider-owned auth/availability,
AI-039,ai,MISSING,W3,CANONICAL,AI-039,pi/ai provider transports + coding model compatibility,"W1,W2",G3,provider-scoped transport commits,“Codex session IDs longer than 64 characters [clamped]”,
AI-040,ai,MISSING,W5,CANONICAL,AI-040,pi/ai Models/auth + Magenta composite credential resolver,"W1,W2,W3",G5,pi-ai Models/auth commit set,"official BREAKING/Added: `Models.refresh(options)` all providers, errors/cancellation；`ModelsStore`；`Provider.refreshModels(context)` receives credential/store/network/signal；`force`",
AI-041,ai,CONFLICT,W9,CANONICAL,AI-041,catalog/OAuth/build/release owners,"W4,W5,W6,W7,W8",G9,pre-release abort; post-release forward recovery,“xAI device-code OAuth login and routed Grok 4.5 through OpenAI Responses”,
AI-042,ai,PARTIAL,W9,CANONICAL,AI-042,catalog/OAuth/build/release owners,"W4,W5,W6,W7,W8",G9,pre-release abort; post-release forward recovery,official未在 package changelog单列；commit “publish generated model catalogs to R2”,
AI-043,ai,MISSING,W5,CANONICAL,AI-043,pi/ai Models/auth + Magenta composite credential resolver,"W1,W2,W3",G5,pi-ai Models/auth commit set,Models.refresh({ force: true }) bypass freshness,
AI-044,ai,MISSING,W9,CANONICAL,AI-044,catalog/OAuth/build/release owners,"W4,W5,W6,W7,W8",G9,pre-release abort; post-release forward recovery,official修复项体现在 coding-agent binary；commit “bundle OAuth flows in Bun binaries”,
AI-045,ai,N/A,EXCLUDED,EXCLUDED,AI-045,none,none,scope audit,no code may be imported,official release/changelog/version/test reporter维护,
AI-046,ai,CONFLICT,W9,CANONICAL,AI-046,catalog/OAuth/build/release owners,"W4,W5,W6,W7,W8",G9,pre-release abort; post-release forward recovery,official多次 “refresh generated model catalogs” 及 release-time regeneration,
CC-001,coding-core,MISSING,W4,CANONICAL,CC-001,pi/tui + coding TUI/RPC/settings/extensions; HCP edit adapter,W1,G4,feature-scoped UI/RPC commits,benchmark timing shutdown ordering,
CC-002,coding-core,MISSING,W1,CANONICAL,CC-002,pi/ai + pi/agent + HCP tool/session safety boundaries,W0,G1,owner-scoped W1 commit set,explicit provider retry errors,
CC-003,coding-core,MISSING,W1,CANONICAL,CC-003,pi/ai + pi/agent + HCP tool/session safety boundaries,W0,G1,owner-scoped W1 commit set,BMP disk images,
CC-004,coding-core,PARTIAL,W7,CANONICAL,CC-004,HCP session/compaction + pi/agent API + coding policy,"W5,W6",G7,session then compaction owner-scoped commits,deterministic no-session IDs,
CC-005,coding-core,CONFLICT,W1,CANONICAL,CC-005,pi/ai + pi/agent + HCP tool/session safety boundaries,W0,G1,owner-scoped W1 commit set,reject invalid session files,
CC-006,coding-core,PARTIAL,W9,CANONICAL,CC-006,catalog/OAuth/build/release owners,"W4,W5,W6,W7,W8",G9,pre-release abort; post-release forward recovery,default OpenAI model,
CC-007,coding-core,CONFLICT,W7,CANONICAL,CC-007,HCP session/compaction + pi/agent API + coding policy,"W5,W6",G7,session then compaction owner-scoped commits,pre-prompt compaction stops,
CC-008,coding-core,CONFLICT,W4,CANONICAL,CC-008,pi/tui + coding TUI/RPC/settings/extensions; HCP edit adapter,W1,G4,feature-scoped UI/RPC commits,RPC tree access and package export,
CC-009,coding-core,MISSING,W4,CANONICAL,CC-009,pi/tui + coding TUI/RPC/settings/extensions; HCP edit adapter,W1,G4,feature-scoped UI/RPC commits,external editor setting,
CC-010,coding-core,PARTIAL,W4,CANONICAL,CC-010,pi/tui + coding TUI/RPC/settings/extensions; HCP edit adapter,W1,G4,feature-scoped UI/RPC commits,extension session-name event,Current internal session_info_changed exists; extension-facing event type/dispatch/export is missing.
CC-011,coding-core,MISSING,W4,CANONICAL,CC-011,pi/tui + coding TUI/RPC/settings/extensions; HCP edit adapter,W1,G4,feature-scoped UI/RPC commits,output padding,
CC-012,coding-core,CONFLICT,W8,CANONICAL,CC-012,pi/ai + pi/agent + coding dynamic tools; existing HCP tool pool,"W4,W5,W6,W7",G8,dynamic-tool protocol commit set,extension tool refresh before next request,
CC-013,coding-core,CONFLICT,W1,CANONICAL,CC-013,pi/ai + pi/agent + HCP tool/session safety boundaries,W0,G1,owner-scoped W1 commit set,undici mid-stream termination,
CC-014,coding-core,CONFLICT,CROSSWALK,CROSSWALK,AG-009,crosswalk only; see AG-009,W1,canonical target gates,no independent code; follows canonical targets,bash timeout validation,
CC-015,coding-core,CONFLICT,W6,CANONICAL,CC-015,coding-agent ModelRuntime/extensions/SDK/auth UI,"W4,W5",G6,coding ModelRuntime integration commit set,public model resolution helpers,
CC-016,coding-core,CONFLICT,W4,CANONICAL,CC-016,pi/tui + coding TUI/RPC/settings/extensions; HCP edit adapter,W1,G4,feature-scoped UI/RPC commits,persisted entry renderers,
CC-017,coding-core,CONFLICT,W7,CANONICAL,CC-017,HarnessComponentProtocol/compaction/pi,"W5,W6",G7,session then compaction owner-scoped commits,serialize split-turn summaries,
CC-018,coding-core,PARTIAL,W6,CANONICAL,CC-018,coding-agent ModelRuntime/extensions/SDK/auth UI,"W4,W5",G6,coding ModelRuntime integration commit set,auth persistence errors,
CC-019,coding-core,CONFLICT,W6,CANONICAL,CC-019,coding-agent ModelRuntime/extensions/SDK/auth UI,"W4,W5",G6,coding ModelRuntime integration commit set,skip unauthenticated saved default,
CC-020,coding-core,CONFLICT,W3,CANONICAL,CC-020,pi/ai provider transports + coding model compatibility,"W1,W2",G3,provider-scoped transport commits,remove Vercel attribution headers,
CC-021,coding-core,CONFLICT,W4,CANONICAL,CC-021,HarnessComponentProtocol/tools/edit + coding renderer,W1,G4,feature-scoped UI/RPC commits,permissive edit replacement fields,
CC-022,coding-core,N/A,EXCLUDED,EXCLUDED,CC-022,none,none,scope audit,no code may be imported,keybinding guard cleanup,
CC-023,coding-core,PARTIAL,W7,CANONICAL,CC-023,HCP session/compaction + pi/agent API + coding policy,"W5,W6",G7,session then compaction owner-scoped commits,clear label timestamp cache,
CC-024,coding-core,CONFLICT,W1,CANONICAL,CC-024,pi/ai + pi/agent + HCP tool/session safety boundaries,W0,G1,owner-scoped W1 commit set,normalize null message content,
CC-025,coding-core,PARTIAL,W4,CANONICAL,CC-025,pi/tui + coding TUI/RPC/settings/extensions; HCP edit adapter,W1,G4,feature-scoped UI/RPC commits,project-local resource configuration,
CC-026,coding-core,CONFLICT,W4,CANONICAL,CC-026,pi/tui + coding TUI/RPC/settings/extensions; HCP edit adapter,W1,G4,feature-scoped UI/RPC commits,named InlineExtension,
CC-027,coding-core,CONFLICT,W6,CANONICAL,CC-027,coding-agent ModelRuntime/extensions/SDK/auth UI,"W4,W5",G6,coding ModelRuntime integration commit set,before_provider_headers,
CC-028,coding-core,MISSING,W6,CANONICAL,CC-028,coding-agent ModelRuntime/extensions/SDK/auth UI,"W4,W5",G6,coding ModelRuntime integration commit set,`/login <provider>` arguments,
CC-029,coding-core,CONFLICT,W6,CANONICAL,CC-029,coding-agent ModelRuntime/extensions/SDK/auth UI,"W4,W5",G6,coding ModelRuntime integration commit set,modelOverrides on extension providers,
CC-030,coding-core,CONFLICT,W4,CANONICAL,CC-030,pi/tui + coding TUI/RPC/settings/extensions; HCP edit adapter,W1,G4,feature-scoped UI/RPC commits,stable Windows context traversal,
CC-031,coding-core,PARTIAL,W7,CANONICAL,CC-031,HCP session/compaction + pi/agent API + coding policy,"W5,W6",G7,session then compaction owner-scoped commits,session-id creation warning,
CC-032,coding-core,CONFLICT,W4,CANONICAL,CC-032,pi/tui + coding TUI/RPC/settings/extensions; HCP edit adapter,W1,G4,feature-scoped UI/RPC commits,reload descriptions,
CC-033,coding-core,CONFLICT,W4,CANONICAL,CC-033,pi/tui + coding TUI/RPC/settings/extensions; HCP edit adapter,W1,G4,feature-scoped UI/RPC commits,settled agent lifecycle,
CC-034,coding-core,CONFLICT,W7,CANONICAL,CC-034,HarnessComponentProtocol/compaction/pi,"W5,W6",G7,session then compaction owner-scoped commits,context-visible custom messages in compaction,
CC-035,coding-core,CONFLICT,W4,CANONICAL,CC-035,pi/tui + coding TUI/RPC/settings/extensions; HCP edit adapter,W1,G4,feature-scoped UI/RPC commits,prompt cache miss notices,
CC-036,coding-core,PRESENT,W2,CANONICAL,CC-036,pi/ai contracts + pi/agent/coding consumers,W1,G2,usage/pricing/thinking commit set,`max` thinking level,
CC-037,coding-core,MISSING,W2,CANONICAL,CC-037,pi/ai contracts + pi/agent/coding consumers,W1,G2,usage/pricing/thinking commit set,input-based pricing tiers,
CC-038,coding-core,MISSING,W4,CANONICAL,CC-038,pi/tui + coding TUI/RPC/settings/extensions; HCP edit adapter,W1,G4,feature-scoped UI/RPC commits,`~` expansion for shellPath,
CC-039,coding-core,CONFLICT,W7,CANONICAL,CC-039,HarnessComponentProtocol/compaction/pi + agent boundary,"W5,W6",G7,session then compaction owner-scoped commits,post-compaction output budget,
CC-040,coding-core,MISSING,W4,CANONICAL,CC-040,pi/tui + coding TUI/RPC/settings/extensions; HCP edit adapter,W1,G4,feature-scoped UI/RPC commits,message copy and clipboard fallback,
CC-041,coding-core,CONFLICT,W8,CANONICAL,CC-041,pi/ai + pi/agent + coding dynamic tools; existing HCP tool pool,"W4,W5,W6,W7",G8,dynamic-tool protocol commit set,cache-friendly message-anchored dynamic tools,
CC-042,coding-core,MISSING,W3,CANONICAL,CC-042,pi/ai provider transports + coding model compatibility,"W1,W2",G3,provider-scoped transport commits,session affinity format,
CC-043,coding-core,CONFLICT,W7,CANONICAL,CC-043,coding AgentSession + HCP compaction dependency injection,"W5,W6",G7,session then compaction owner-scoped commits,branch summaries with ambient auth,Implement only after W5/W6 provide Models-backed ambient auth.
CC-044,coding-core,PARTIAL,W4,CANONICAL,CC-044,pi/tui + coding TUI/RPC/settings/extensions; HCP edit adapter,W1,G4,feature-scoped UI/RPC commits,npm removal with peer conflicts,
CC-045,coding-core,CONFLICT,W9,CANONICAL,CC-045,catalog/OAuth/build/release owners,"W4,W5,W6,W7,W8",G9,pre-release abort; post-release forward recovery,Radius gateway,
CC-046,coding-core,CONFLICT,W4,CANONICAL,CC-046,pi/tui + coding TUI/RPC/settings/extensions; HCP edit adapter,W1,G4,feature-scoped UI/RPC commits,stable system prompt cache across dates,
CC-047,coding-core,MISSING,W6,CANONICAL,CC-047,coding-agent ModelRuntime/extensions/SDK/auth UI,"W4,W5",G6,coding ModelRuntime integration commit set,Bedrock API-key login,Implement against W5/W6 provider-owned auth; do not patch the legacy registry.
CC-048,coding-core,CONFLICT,W6,CANONICAL,CC-048,coding-agent ModelRuntime/extensions/SDK/auth UI,"W4,W5",G6,coding ModelRuntime integration commit set,async ModelRuntime SDK boundary,
CC-049,coding-core,CONFLICT,W6,CANONICAL,CC-049,coding-agent ModelRuntime/extensions/SDK/auth UI,"W4,W5",G6,coding ModelRuntime integration commit set,provider-owned auth and `/login` discovery,
CC-050,coding-core,CONFLICT,W6,CANONICAL,CC-050,coding-agent ModelRuntime/extensions/SDK/auth UI,"W4,W5",G6,coding ModelRuntime integration commit set,final request auth/header assembly,
CC-051,coding-core,CONFLICT,W6,CANONICAL,CC-051,coding-agent ModelRuntime/extensions/SDK/auth UI,"W4,W5",G6,coding ModelRuntime integration commit set,model composition and async refresh contract,
CC-052,coding-core,CONFLICT,W6,CANONICAL,CC-052,coding-agent ModelRuntime/extensions/SDK/auth UI,"W4,W5",G6,coding ModelRuntime integration commit set,"models-store, remote catalogs, Radius migration",
CC-053,coding-core,CONFLICT,W6,CANONICAL,CC-053,coding-agent ModelRuntime/extensions/SDK/auth UI,"W4,W5",G6,coding ModelRuntime integration commit set,extension refreshModels and legacy modifyModels,
CC-054,coding-core,CONFLICT,W6,CANONICAL,CC-054,coding-agent ModelRuntime/extensions/SDK/auth UI,"W4,W5",G6,coding ModelRuntime integration commit set,live selector refresh,
CC-055,coding-core,CONFLICT,W6,CANONICAL,CC-055,coding-agent ModelRuntime/extensions/SDK/auth UI,"W4,W5",G6,coding ModelRuntime integration commit set,`pi update --models`,
CC-056,coding-core,MISSING,CROSSWALK,CROSSWALK,AI-041,crosswalk only; see AI-041,W9,canonical target gates,no independent code; follows canonical targets,xAI device OAuth/Grok 4.5,
CC-057,coding-core,CONFLICT,W9,CANONICAL,CC-057,catalog/OAuth/build/release owners,"W4,W5,W6,W7,W8",G9,pre-release abort; post-release forward recovery,Bun binary OAuth resources,
CC-058,coding-core,MISSING,W6,CANONICAL,CC-058,coding-agent ModelRuntime/extensions/SDK/auth UI,"W4,W5",G6,coding ModelRuntime integration commit set,catalog refresh hardening,
CC-059,coding-core,CONFLICT,W6,CANONICAL,CC-059,coding-agent ModelRuntime/extensions/SDK/auth UI,"W4,W5",G6,coding ModelRuntime integration commit set,removed redundant runtime projections,
CU-001,coding-ui,MISSING,W4,CANONICAL,CU-001,pi/tui + coding TUI/RPC/settings/extensions; HCP edit adapter,W1,G4,feature-scoped UI/RPC commits,`outputPad` 全 transcript 输出间距,
CU-002,coding-ui,PARTIAL,W4,CANONICAL,CU-002,pi/tui + coding TUI/RPC/settings/extensions; HCP edit adapter,W1,G4,feature-scoped UI/RPC commits,`externalEditor` setting 与跨平台 fallback,
CU-003,coding-ui,MISSING,W4,CANONICAL,CU-003,pi/tui + coding TUI/RPC/settings/extensions; HCP edit adapter,W1,G4,feature-scoped UI/RPC commits,RPC `get_entries` / `get_tree`,
CU-004,coding-ui,MISSING,W4,CANONICAL,CU-004,pi/tui + coding TUI/RPC/settings/extensions; HCP edit adapter,W1,G4,feature-scoped UI/RPC commits,package `./rpc-entry`,
CU-005,coding-ui,MISSING,W4,CANONICAL,CU-005,pi/tui + coding TUI/RPC/settings/extensions; HCP edit adapter,W1,G4,feature-scoped UI/RPC commits,fully-settled lifecycle: `agent_settled`,
CU-006,coding-ui,PARTIAL,W4,CANONICAL,CU-006,pi/tui + coding TUI/RPC/settings/extensions; HCP edit adapter,W1,G4,feature-scoped UI/RPC commits,prompt cache miss notices,
CU-007,coding-ui,PARTIAL,W4,CANONICAL,CU-007,pi/tui + coding TUI/RPC/settings/extensions; HCP edit adapter,W1,G4,feature-scoped UI/RPC commits,project-local resource configuration,
CU-008,coding-ui,MISSING,W4,CANONICAL,CU-008,pi/tui + coding TUI/RPC/settings/extensions; HCP edit adapter,W1,G4,feature-scoped UI/RPC commits,Ctrl+X copy last/selected message,
CU-009,coding-ui,MISSING,W4,CANONICAL,CU-009,pi/tui + coding TUI/RPC/settings/extensions; HCP edit adapter,W1,G4,feature-scoped UI/RPC commits,Ctrl+V image-first、text fallback,
CU-010,coding-ui,CONFLICT,W4,CANONICAL,CU-010,pi/tui + coding TUI/RPC/settings/extensions; HCP edit adapter,W1,G4,feature-scoped UI/RPC commits,从默认 prompt 移除 current date,
CU-011,coding-ui,CONFLICT,CROSSWALK,CROSSWALK,CC-048;CC-049;CC-050;CC-051,"crosswalk only; see CC-048,CC-049,CC-050,CC-051",W6,canonical target gates,no independent code; follows canonical targets,ModelRuntime / auth / SDK breaking migration,
CU-012,coding-ui,MISSING,CROSSWALK,CROSSWALK,CC-052;CC-054;CC-055;CC-058,"crosswalk only; see CC-052,CC-054,CC-055,CC-058",W6,canonical target gates,no independent code; follows canonical targets,live model catalog refresh 与 `update --models`,
CU-013,coding-ui,PARTIAL,W2,CANONICAL,CU-013,pi/ai contracts + pi/agent/coding consumers,W1,G2,usage/pricing/thinking commit set,`max` thinking 与 `thinkingMax` theme,
CU-014,coding-ui,MISSING,W4,CANONICAL,CU-014,pi/tui + coding TUI/RPC/settings/extensions; HCP edit adapter,W1,G4,feature-scoped UI/RPC commits,相邻 thinking blocks 合并,
CU-015,coding-ui,PARTIAL,CROSSWALK,CROSSWALK,CC-028;CC-047;CC-049,"crosswalk only; see CC-028,CC-047,CC-049",W6,canonical target gates,no independent code; follows canonical targets,login/auth UI 与 provider 参数,
CU-016,coding-ui,MISSING,W4,CANONICAL,CU-016,pi/tui + coding TUI/RPC/settings/extensions; HCP edit adapter,W1,G4,feature-scoped UI/RPC commits,`shellPath` 的 `~` 展开,
CU-017,coding-ui,MISSING,CROSSWALK,CROSSWALK,AG-009,crosswalk only; see AG-009,W1,canonical target gates,no independent code; follows canonical targets,bash timeout 输入验证,
CU-018,coding-ui,CONFLICT,CROSSWALK,CROSSWALK,CC-021,crosswalk only; see CC-021,W4,canonical target gates,no independent code; follows canonical targets,edit replacement 允许额外字段,
CU-019,coding-ui,MISSING,W4,CANONICAL,CU-019,pi/tui + coding TUI/RPC/settings/extensions; HCP edit adapter,W1,G4,feature-scoped UI/RPC commits,persisted custom entry renderer,
CU-020,coding-ui,PARTIAL,W4,CANONICAL,CU-020,pi/tui + coding TUI/RPC/settings/extensions; HCP edit adapter,W1,G4,feature-scoped UI/RPC commits,TUI status indicators、输出顺序与 stop-reason UX,
CU-021,coding-ui,PARTIAL,CROSSWALK,CROSSWALK,AG-007;AG-008;AG-010;CC-004;CC-005;CC-031,"crosswalk only; see AG-007,AG-008,AG-010,CC-004,CC-005,CC-031","W1,W7",canonical target gates,no independent code; follows canonical targets,session/CLI 安全与自动化修复,
CU-022,coding-ui,CONFLICT,CROSSWALK,CROSSWALK,AI-028;CC-012;CC-041,"crosswalk only; see AI-028,CC-012,CC-041",W8,canonical target gates,no independent code; follows canonical targets,prompt/tool refresh 与 settled queue正确性,
CU-023,coding-ui,PARTIAL,CROSSWALK,CROSSWALK,CC-010;CC-015;CC-026;CC-027,"crosswalk only; see CC-010,CC-015,CC-026,CC-027","W4,W6",canonical target gates,no independent code; follows canonical targets,extension/SDK 新接口,
CU-024,coding-ui,PARTIAL,CROSSWALK,CROSSWALK,CC-006;CC-019;CC-029,"crosswalk only; see CC-006,CC-019,CC-029","W6,W9",canonical target gates,no independent code; follows canonical targets,model overrides/default selection/刷新辅助修复,
CU-025,coding-ui,MISSING,CROSSWALK,CROSSWALK,CC-003,crosswalk only; see CC-003,W1,canonical target gates,no independent code; follows canonical targets,BMP disk images,
CU-026,coding-ui,SUPERSEDED,W4,GOVERNANCE,CU-026,HarnessComponentProtocol/tools/edit/bash + coding renderers,W1,G4,feature-scoped UI/RPC commits,bash/edit 当前 Magenta UX 保护项,
HC-001,hcp,CONFLICT,W5,GOVERNANCE,HC-001,pi/ai Models/auth + Magenta composite credential resolver,"W1,W2,W3",G5,pi-ai Models/auth commit set,ModelRuntime/auth/provider composition,
HC-002,hcp,CONFLICT,W6,GOVERNANCE,HC-002,coding-agent ModelRuntime/extensions/SDK/auth UI,"W4,W5",G6,coding ModelRuntime integration commit set,before_provider_headers 与请求 header transform,
HC-003,hcp,CONFLICT,W8,GOVERNANCE,HC-003,pi/ai + pi/agent + coding dynamic tools; existing HCP tool pool,"W4,W5,W6,W7",G8,dynamic-tool protocol commit set,message-anchored deferred tools + same-run active tool refresh,
HC-004,hcp,CONFLICT,W7,GOVERNANCE,HC-004,HarnessComponentProtocol/_magenta/session,"W5,W6",G7,session then compaction owner-scoped commits,session context projectors、header metadata、short UUID fix,
HC-005,hcp,CONFLICT,W7,GOVERNANCE,HC-005,HarnessComponentProtocol/compaction/pi + coding policy,"W5,W6",G7,session then compaction owner-scoped commits,compaction custom-message accounting、split-turn serialization、pre-prompt no-continue,
HC-006,hcp,SUPERSEDED,EXCLUDED,EXCLUDED,HC-006,none,none,scope audit,no code may be imported,experimental persistent orchestrator package,
HC-007,hcp,CONFLICT,W4,GOVERNANCE,HC-007,pi/tui + coding TUI/RPC/settings/extensions; HCP edit adapter,W1,G4,feature-scoped UI/RPC commits,TUI normalization/key parsing/status/message rendering,
HC-008,hcp,CONFLICT,W9,GOVERNANCE,HC-008,catalog/OAuth/build/release owners,"W4,W5,W6,W7,W8",G9,pre-release abort; post-release forward recovery,OAuth binary bundling、catalog refresh、install lock、Bun/build changes,
HC-009,hcp,CONFLICT,W0,GOVERNANCE,HC-009,HCP assembly governance,none,G0,discard isolated upgrade worktree,HCP assembly compatibility across all batches,Global invariant checked after every wave despite one primary governance row.
MX-001,misc,MISSING,W4,CANONICAL,MX-001,pi/tui + coding TUI/RPC/settings/extensions; HCP edit adapter,W1,G4,feature-scoped UI/RPC commits,Question extension executes multiple questions sequentially,
MX-002,misc,MISSING,W4,CANONICAL,MX-002,pi/tui + coding TUI/RPC/settings/extensions; HCP edit adapter,W1,G4,feature-scoped UI/RPC commits,pnpm self-update cache prune hint,
MX-003,misc,MISSING,W4,CANONICAL,MX-003,pi/tui + coding TUI/RPC/settings/extensions; HCP edit adapter,W1,G4,feature-scoped UI/RPC commits,Fork selector rejects duplicate selection,
MX-004,misc,MISSING,W4,CANONICAL,MX-004,pi/tui + coding TUI/RPC/settings/extensions; HCP edit adapter,W1,G4,feature-scoped UI/RPC commits,Restore Windows terminal title after package update check,
TR-001,tui-repo,CONFLICT,W4,CANONICAL,TR-001,pi/tui + coding TUI/RPC/settings/extensions; HCP edit adapter,W1,G4,feature-scoped UI/RPC commits,Preserve source backslash escapes in rendered user messages,
TR-002,tui-repo,CONFLICT,W4,CANONICAL,TR-002,pi/tui + coding TUI/RPC/settings/extensions; HCP edit adapter,W1,G4,feature-scoped UI/RPC commits,Clean paste-marker state on deletion and editor reset,
TR-003,tui-repo,CONFLICT,W4,CANONICAL,TR-003,pi/tui + coding TUI/RPC/settings/extensions; HCP edit adapter,W1,G4,feature-scoped UI/RPC commits,Parse legacy Alt-prefixed printable symbols,
TR-004,tui-repo,MISSING,W4,CANONICAL,TR-004,pi/tui + coding TUI/RPC/settings/extensions; HCP edit adapter,W1,G4,feature-scoped UI/RPC commits,Normalize visible tabs before terminal differential output,
TR-005,tui-repo,N/A,EXCLUDED,EXCLUDED,TR-005,none,none,scope audit,no code may be imported,Quiet dot reporters for package tests,
TR-006,tui-repo,SUPERSEDED,EXCLUDED,EXCLUDED,TR-006,none,none,scope audit,no code may be imported,Experimental `@earendil-works/pi-orchestrator`,
TR-007,tui-repo,PRESENT,VERIFY,VERIFY,TR-007,current implementation owner,W0,G0 regression,none; retain current behavior,Visible release asset directory and relaxed generated-diff assertion,
TR-008,tui-repo,N/A,EXCLUDED,EXCLUDED,TR-008,none,none,scope audit,no code may be imported,Remove OpenClaw gate,
TR-009,tui-repo,N/A,EXCLUDED,EXCLUDED,TR-009,none,none,scope audit,no code may be imported,Generated installer lock release artifacts,
TR-010,tui-repo,N/A,EXCLUDED,EXCLUDED,TR-010,none,none,scope audit,no code may be imported,Restrict CI bot gate bypasses,
TR-011,tui-repo,N/A,EXCLUDED,EXCLUDED,TR-011,none,none,scope audit,no code may be imported,Automated issue-analysis workflow and session import repro,
TR-012,tui-repo,MISSING,W9,CANONICAL,TR-012,catalog/OAuth/build/release owners,"W4,W5,W6,W7,W8",G9,pre-release abort; post-release forward recovery,Include native clipboard binary at the path expected by Bun release,
TR-013,tui-repo,MISSING,W9,CANONICAL,TR-013,catalog/OAuth/build/release owners,"W4,W5,W6,W7,W8",G9,pre-release abort; post-release forward recovery,Gate local/source release on full tests,
TR-014,tui-repo,PRESENT,VERIFY,VERIFY,TR-014,current implementation owner,W0,G0 regression,none; retain current behavior,Bun 1.3.14 for release binaries,
TR-015,tui-repo,CONDITIONAL,W9,CANONICAL,TR-015,catalog/OAuth/build/release owners,"W4,W5,W6,W7,W8",G9,pre-release abort; post-release forward recovery,Publish generated model catalogs to R2,Conditional on D5 remote-catalog publication decision.
TR-016,tui-repo,PRESENT,VERIFY,VERIFY,TR-016,current implementation owner,W0,G0 regression,none; retain current behavior,`undici` vulnerability refresh in Gondolin example dependency,
TR-017,tui-repo,N/A,W9,CANONICAL,TR-017,catalog/OAuth/build/release owners,"W4,W5,W6,W7,W8",G9,pre-release abort; post-release forward recovery,"Mechanical versions, lock drift, changelog cycle and release metadata","Mechanical upstream bump is excluded; W9 marks Pi private 0.80.8-magenta.0, HCP private 0.0.2, and forbids npm fork publication."
TR-018,tui-repo,PARTIAL,W9,CANONICAL,TR-018,catalog/OAuth/build/release owners,"W4,W5,W6,W7,W8",G9,pre-release abort; post-release forward recovery,Isolate Radius/gateway/experimental environment during tests,
TR-019,tui-repo,N/A,EXCLUDED,EXCLUDED,TR-019,none,none,scope audit,no code may be imported,Contributor approval metadata,
